
{
    "title":{"name": "Playlist 2"},
    "songs": [
        {
            "id": 0,
            "name": "Vaathi Coming",
            "artist": "Anirudh Ravichander, Gana Balachandar",
            "url": "https://github.com/Fantastiamask/songs/blob/main/spotifydown.com%20-%20Vaathi%20Coming%20(2).mp3?raw=true",
            "image": "https://i.scdn.co/image/ab67616d0000b27332f43d2b7862589792370786"
        },
        {
            "id": 1,
            "name": "Varavaa Varavaa",
            "artist": "Anirudh Ravichander, Vignesh Shivan",
            "url": "https://github.com/Fantastiamask/songs/blob/main/spotifydown.com%20-%20Varavaa%20Varavaa%20(1).mp3?raw=true",
            "image": "https://i.scdn.co/image/ab67616d0000b273be0620c2efbb0169f8e9af48"
        }
    ]
}
