
{
    "title":{"name": "Playlist 1"},
    "songs": [
        {
            "id": 0,
            "name": "Vikram - Title Track",
            "artist": "Anirudh Ravichander",
            "url": "https://github.com/Fantastiamask/songs/blob/main/Vikram-Title-Track-MassTamilan.so.mp3?raw=true",
            "image": "https://i.scdn.co/image/ab67616d0000b27339fe640ab73db368eeac0f90"
        },
        {
            "id": 1,
            "name": "Thuli Thuli",
            "artist": "Yuvan Shankar Raja",
            "url": "https://github.com/Fantastiamask/songs/blob/main/spotifydown.com%20-%20Thuli%20Thuli%20(1).mp3?raw=true",
            "image": "https://i.scdn.co/image/ab67616d0000b2737de8959929372430846f570e"
        }
    ]
}

